algo,MAE,MAPE,RMSE,sMAPE,train_time,infer_time_per_step,n_train,n_val,n_test,lookback,val_days,test_days,machine_id
lstm,0.789337158203125,1.8810594440965716,0.789337158203125,1.8989193449333945,37.019129037857056,0.46005964279174805,2867,0,1,12,0,0,M1
gru,2.2287330627441406,5.311265702464613,2.2287330627441406,5.456161314755489,43.80895733833313,0.22188782691955566,2867,0,1,12,0,0,M1
xgb,2.0267295837402344,4.82987375483901,2.0267295837402344,4.9493986070101865,0.9643330574035645,0.00538945198059082,2867,0,1,12,0,0,M1
