algo,MAE,MAPE,RMSE,sMAPE,train_time,infer_time_per_step,n_train,n_val,n_test,lookback,val_days,test_days,machine_id
lstm,2.0054972935037645,10.739217996172075,2.746570913732932,10.72319756617144,10.826611518859863,0.001293118637387115,267,0,303,12,0,1,M004
gru,1.9959330983681254,10.625942139207206,2.7413721682466323,10.671509610845941,13.516034364700317,0.0015990065269344317,267,0,303,12,0,1,M004
xgb,2.237830602689938,11.989226897379494,2.9607569393565636,11.950746979331726,0.42357397079467773,5.761388898289243e-06,267,0,303,12,0,1,M004
