algo,MAE,MAPE,RMSE,sMAPE,train_time,infer_time_per_step,n_train,n_val,n_test,lookback,val_days,test_days,machine_id
lstm,1.8484820989852255,9.754809280917778,2.566427332841832,9.750797931618173,18.24225878715515,0.002992921053095067,250,0,376,12,0,1,M001
gru,1.8409439781878858,9.632483401315142,2.577348488236937,9.709326978054726,18.781649351119995,0.0017641903238093599,250,0,376,12,0,1,M001
xgb,2.139117256123969,11.248621795721595,2.8834506025071343,11.290770253040854,0.7596077919006348,1.0602651758396879e-05,250,0,376,12,0,1,M001
