algo,MAE,MAPE,RMSE,sMAPE,train_time,infer_time_per_step,n_train,n_val,n_test,lookback,val_days,test_days,machine_id
lstm,1.0761070251464844,5.473496389242536,1.0761070251464844,5.6275070878720586,11.184077739715576,0.18424057960510254,634,0,1,3,0,0,M001
gru,0.9066658020019531,4.611652816625599,0.9066658020019531,4.720499336941015,10.462750673294067,0.19234538078308105,634,0,1,3,0,0,M001
xgb,0.4161796569824219,2.116850644534541,0.4161796569824219,2.139495607816467,0.6836581230163574,0.01371312141418457,634,0,1,3,0,0,M001
