algo,MAE,MAPE,RMSE,sMAPE,train_time,infer_time_per_step,n_train,n_val,n_test,lookback,val_days,test_days,machine_id
lstm,1.832280542008639,10.53893467569775,2.4892761185991423,10.086822301280291,19.49034309387207,0.0012135865553370062,214,0,371,12,0,1,M003
gru,1.83691599555414,10.53485199186848,2.492019866349862,10.112062126315262,14.442127704620361,0.001375650781184194,214,0,371,12,0,1,M003
xgb,2.0067080371784716,11.416797495387893,2.721323627744026,10.998454613394204,0.3214607238769531,5.418720913704515e-06,214,0,371,12,0,1,M003
