algo,MAE,MAPE,RMSE,sMAPE,train_time,infer_time_per_step,n_train,n_val,n_test,lookback,val_days,test_days,machine_id
lstm,1.88044565374201,10.242369031081545,2.52650702477482,10.130210682017546,10.95842719078064,0.0012676407154598183,213,0,363,12,0,1,M002
gru,1.8788782755533855,10.245146870326748,2.5244724227262134,10.121100042569802,15.303704977035522,0.0011613047155795348,213,0,363,12,0,1,M002
xgb,2.203215796100207,12.178466225255475,2.9294048546690137,11.804453358929996,0.32262754440307617,6.550271320605738e-06,213,0,363,12,0,1,M002
