algo,MAE,MAPE,RMSE,sMAPE,train_time,infer_time_per_step,n_train,n_val,n_test,lookback,val_days,test_days,machine_id
lstm,5.224176406860352,22.216844378839625,5.224176406860352,24.993193872856754,13.465848445892334,0.19923734664916992,575,0,1,12,0,0,M002
gru,4.83635139465332,20.56754173831041,4.83635139465332,22.925107238194443,13.49730896949768,0.19522356986999512,575,0,1,12,0,0,M002
xgb,4.327108383178711,18.401885019275067,4.327108383178711,20.266603561637485,0.5900249481201172,0.004047393798828125,575,0,1,12,0,0,M002
