algo,machines,MAE_mean,MAE_std,MAPE_mean,MAPE_std,RMSE_mean,RMSE_std,sMAPE_mean,sMAPE_std
lstm,1,5.224176406860352,0.0,22.216844378839625,0.0,5.224176406860352,0.0,24.993193872856754,0.0
gru,1,4.83635139465332,0.0,20.56754173831041,0.0,4.83635139465332,0.0,22.925107238194443,0.0
xgb,1,4.327108383178711,0.0,18.401885019275067,0.0,4.327108383178711,0.0,20.266603561637485,0.0
