algo,machines,MAE_mean,MAE_std,MAPE_mean,MAPE_std,RMSE_mean,RMSE_std,sMAPE_mean,sMAPE_std
lstm,1,1.0761070251464844,0.0,5.473496389242536,0.0,1.0761070251464844,0.0,5.6275070878720586,0.0
gru,1,0.9066658020019531,0.0,4.611652816625599,0.0,0.9066658020019531,0.0,4.720499336941015,0.0
xgb,1,0.4161796569824219,0.0,2.116850644534541,0.0,0.4161796569824219,0.0,2.139495607816467,0.0
