{
  "persistence": {
    "mae": 2.7075597035837613,
    "rmse": 3.66615708867448,
    "r2": -1.2044775314125507,
    "mape": 14.652620180317843,
    "skill_vs_persist": 0.016104352694311097
  },
  "xgb": {
    "mae": 1.8822682621227478,
    "rmse": 2.627887422963584,
    "r2": -0.1326534440691427,
    "mape": 10.196951605770549,
    "skill_vs_persist": 0.294747351374935
  },
  "lgb": {
    "mae": 1.720704156827622,
    "rmse": 2.451788501607189,
    "r2": 0.01406213727268657,
    "mape": 9.25394293959389,
    "skill_vs_persist": 0.34200745453664316
  },
  "median": {
    "mae": 1.7800474342613317,
    "rmse": 2.521586904968235,
    "r2": -0.04287298632788317,
    "mape": 9.605838268925822,
    "skill_vs_persist": 0.3232754843578505
  },
  "stacked": {
    "mae": 1.7648191684000303,
    "rmse": 2.494324760264672,
    "r2": -0.020444837189281362,
    "mape": 9.5543980000417,
    "skill_vs_persist": 0.3305918935736246
  },
  "production": "lgb"
}