{
  "persistence": {
    "mae": 2.7075597035837613,
    "rmse": 3.66615708867448,
    "r2": -1.2044775314125507,
    "mape": 14.652620180317843,
    "skill_vs_persist": 0.016104352694311097
  },
  "xgb": {
    "mae": 1.831814187845634,
    "rmse": 2.5575809594419696,
    "r2": -0.07285818101956076,
    "mape": 9.929195649967978,
    "skill_vs_persist": 0.3136156709158696
  },
  "lgb": {
    "mae": 1.7634487787156303,
    "rmse": 2.468073171716718,
    "r2": 0.0009215312500402417,
    "mape": 9.569396412954745,
    "skill_vs_persist": 0.3376370973339824
  },
  "median": {
    "mae": 1.7854539923680581,
    "rmse": 2.500039129533841,
    "r2": -0.025125765830996905,
    "mape": 9.680533049953178,
    "skill_vs_persist": 0.3290583141565283
  },
  "stacked": {
    "mae": 1.783716399600427,
    "rmse": 2.492095418886179,
    "r2": -0.018621575588549932,
    "mape": 9.695502138130916,
    "skill_vs_persist": 0.33119018743436335
  },
  "production": "lgb"
}