{
  "persistence": {
    "mae": 2.7075597035837613,
    "rmse": 3.66615708867448,
    "r2": -1.2044775314125507,
    "mape": 14.652620180317843,
    "skill_vs_persist": 0.016104352694311097
  },
  "xgb": {
    "mae": 1.831814187845634,
    "rmse": 2.5575809594419696,
    "r2": -0.07285818101956076,
    "mape": 9.929195649967978,
    "skill_vs_persist": 0.3136156709158696
  },
  "lgb": {
    "mae": 1.7547575931896309,
    "rmse": 2.4776542631360443,
    "r2": -0.006850395511070362,
    "mape": 9.546201157471991,
    "skill_vs_persist": 0.33506579612786813
  },
  "median": {
    "mae": 1.7797243099851923,
    "rmse": 2.505391283049666,
    "r2": -0.029519699807998512,
    "mape": 9.662206473707759,
    "skill_vs_persist": 0.3276219434772141
  },
  "stacked": {
    "mae": 1.768534412007834,
    "rmse": 2.4879228134381974,
    "r2": -0.015213401340396393,
    "mape": 9.662326610284756,
    "skill_vs_persist": 0.3323099998807191
  },
  "production": "lgb"
}