{
  "persistence": {
    "mae": 0.8150266928796185,
    "rmse": 1.9975534633082457,
    "r2": 0.39971234289239543,
    "mape": 4.485912775869599,
    "skill_vs_persist": 5.007105841059456e-13
  },
  "xgb": {
    "mae": 1.2242027477190105,
    "rmse": 2.075647634354025,
    "r2": 0.35185847332176645,
    "mape": 6.762215717025965,
    "skill_vs_persist": -0.039094909087141305
  },
  "lgb": {
    "mae": 1.186287477544495,
    "rmse": 1.9975753614721337,
    "r2": 0.39969918152296147,
    "mape": 6.562578248044525,
    "skill_vs_persist": -1.0962491512778172e-05
  },
  "median": {
    "mae": 1.18733782574941,
    "rmse": 2.02172060987997,
    "r2": 0.3850994706358313,
    "mape": 6.56774629241411,
    "skill_vs_persist": -0.01209837284188997
  },
  "stacked": {
    "mae": 1.2496492885448465,
    "rmse": 2.0369410070388967,
    "r2": 0.3758061393404456,
    "mape": 6.852924366557335,
    "skill_vs_persist": -0.01971789213811559
  },
  "production": "persistence"
}