{
  "persistence": {
    "mae": 2.671691246367598,
    "rmse": 3.541139647318513,
    "r2": -1.0316945493752772,
    "mape": 14.309721187646366,
    "skill_vs_persist": 2.824407374646398e-13
  },
  "xgb": {
    "mae": 1.7733048667280449,
    "rmse": 2.511041221811711,
    "r2": -0.02159790198684952,
    "mape": 9.433741235161976,
    "skill_vs_persist": 0.29089460684995616
  },
  "lgb": {
    "mae": 1.742861063798439,
    "rmse": 2.494604149627824,
    "r2": -0.008267082468128795,
    "mape": 9.248056631042711,
    "skill_vs_persist": 0.2955363532426263
  },
  "median": {
    "mae": 1.7580065029027554,
    "rmse": 2.5007987122860817,
    "r2": -0.0132807262753325,
    "mape": 9.340472752307226,
    "skill_vs_persist": 0.29378703994939126
  },
  "stacked": {
    "mae": 1.7753530317903314,
    "rmse": 2.4846084404119386,
    "r2": -0.0002031554125441204,
    "mape": 9.55779126580547,
    "skill_vs_persist": 0.298359091177701
  },
  "production": "stacked"
}