{
  "naive": {
    "mae": 0.8620869055036183,
    "rmse": 2.02615796511906,
    "r2": 0.18866036738462277,
    "mape": 4.796872356153094
  },
  "xgb": {
    "mae": 1.6642111334788474,
    "rmse": 2.251811175435348,
    "r2": -0.0021206904967399076,
    "mape": 9.303010718544174
  },
  "lgb": {
    "mae": 1.6662966849170422,
    "rmse": 2.2528846220339,
    "r2": -0.0030763473998047797,
    "mape": 9.319144388591019
  },
  "lstm": {
    "mae": 16.83082419749818,
    "rmse": 16.980476030023496,
    "r2": -55.984377821048994,
    "mape": 92.57271487948692
  },
  "ensemble_median": {
    "mae": 1.665181777339994,
    "rmse": 2.25220696314919,
    "r2": -0.002472995270625278,
    "mape": 9.310681539282315
  },
  "ensemble_stacked": {
    "mae": 1.7602108770033413,
    "rmse": 2.322214634418893,
    "r2": -0.06576340521878987,
    "mape": 10.043523548853518
  },
  "ensemble_mean": {
    "mae": 1.665181777339994,
    "rmse": 2.25220696314919,
    "r2": -0.002472995270625278,
    "mape": 9.310681539282315
  },
  "ensemble_weighted": {
    "mae": 1.6651796279888094,
    "rmse": 2.2522059082838046,
    "r2": -0.002472056214994911,
    "mape": 9.310665291298449
  },
  "production": {
    "mae": 1.7602108770033413,
    "rmse": 2.322214634418893,
    "r2": -0.06576340521878987,
    "mape": 10.043523548853518
  }
}