{
  "persistence": {
    "mae": 1.484516149068323,
    "rmse": 1.8217634092424457,
    "r2": -0.9711674511933772,
    "skill_vs_persist": 5.490052856771399e-13
  },
  "lgb": {
    "mae": 1.1236891490740808,
    "rmse": 1.2976957248185284,
    "r2": -0.0001964696329319615,
    "skill_vs_persist": 0.28767055138216646
  },
  "xgb": {
    "mae": 1.123985329927717,
    "rmse": 1.2980627451413471,
    "r2": -0.0007623100461149335,
    "skill_vs_persist": 0.2874690870641565
  },
  "median": {
    "mae": 1.1238021531762543,
    "rmse": 1.2978199733797355,
    "r2": -0.0003880074783451093,
    "skill_vs_persist": 0.28760234902362924
  },
  "stacked": {
    "mae": 1.1239472709003617,
    "rmse": 1.2980221869337278,
    "r2": -0.0006997730207007891,
    "skill_vs_persist": 0.2874913502227058
  },
  "production": "lgb"
}