{
  "persistence": {
    "mae": 1.4922460220318237,
    "rmse": 1.8243942506719717,
    "r2": -0.9778558545049079,
    "skill_vs_persist": 5.482281295599023e-13
  },
  "lgb": {
    "mae": 1.1231771297349775,
    "rmse": 1.2973270132122907,
    "r2": -0.00012934358661076395,
    "skill_vs_persist": 0.288899856632556
  },
  "xgb": {
    "mae": 1.123347203313064,
    "rmse": 1.2974875187155244,
    "r2": -0.0003768312163654475,
    "skill_vs_persist": 0.28881187921036544
  },
  "median": {
    "mae": 1.1232529070467814,
    "rmse": 1.2973940892305935,
    "r2": -0.000232766128067885,
    "skill_vs_persist": 0.2888630904465861
  },
  "stacked": {
    "mae": 1.1231545021557514,
    "rmse": 1.2972892951912909,
    "r2": -7.11896272329593e-05,
    "skill_vs_persist": 0.28892053090347414
  },
  "production": "stacked"
}