{
  "persistence": {
    "mae": 2.7075597035837613,
    "rmse": 3.66615708867448,
    "r2": -1.2044775314125507,
    "mape": 14.652620180317843,
    "skill_vs_persist": 0.016104352694311097
  },
  "xgb": {
    "mae": 1.831814187845634,
    "rmse": 2.5575809594419696,
    "r2": -0.07285818101956076,
    "mape": 9.929195649967978,
    "skill_vs_persist": 0.3136156709158696
  },
  "lgb": {
    "mae": 1.7854123027154365,
    "rmse": 2.5404426621203515,
    "r2": -0.058527954565412266,
    "mape": 9.6636408686847,
    "skill_vs_persist": 0.3182151181651601
  },
  "median": {
    "mae": 1.7931111998198141,
    "rmse": 2.537636712779644,
    "r2": -0.05619093231089067,
    "mape": 9.710344875362217,
    "skill_vs_persist": 0.3189681577311435
  },
  "stacked": {
    "mae": 1.8097852357428954,
    "rmse": 2.561442679628753,
    "r2": -0.07610046816589167,
    "mape": 9.846601353725656,
    "skill_vs_persist": 0.3125792915161363
  },
  "production": "median"
}