{
  "persistence": {
    "mae": 2.7075597035837613,
    "rmse": 3.66615708867448,
    "r2": -1.2044775314125507,
    "mape": 14.652620180317843,
    "skill_vs_persist": 0.016104352694311097
  },
  "xgb": {
    "mae": 1.8687361264776703,
    "rmse": 2.6172437624823566,
    "r2": -0.12349691445051714,
    "mape": 10.113659923363343,
    "skill_vs_persist": 0.2976038168687978
  },
  "lgb": {
    "mae": 1.9071864352583436,
    "rmse": 2.610381971000696,
    "r2": -0.11761355286231501,
    "mape": 10.489651041649108,
    "skill_vs_persist": 0.2994453328235781
  },
  "median": {
    "mae": 1.8576913428666209,
    "rmse": 2.5820763891299108,
    "r2": -0.09350735890244777,
    "mape": 10.138270250826276,
    "skill_vs_persist": 0.3070417718531969
  },
  "stacked": {
    "mae": 1.859206727525307,
    "rmse": 2.5954757290462673,
    "r2": -0.10488602676815906,
    "mape": 10.097548080529027,
    "skill_vs_persist": 0.30344575785226957
  },
  "production": "median"
}