{
  "persistence": {
    "mae": 2.7320886872830172,
    "rmse": 3.6866228320830374,
    "r2": -1.215446511369418,
    "mape": 14.595917181623966,
    "skill_vs_persist": 2.7122748491592574e-13
  },
  "xgb": {
    "mae": 1.730325637516465,
    "rmse": 2.4514323932312014,
    "r2": 0.02041146543183714,
    "mape": 9.242459655216349,
    "skill_vs_persist": 0.33504659823163585
  },
  "lgb": {
    "mae": 1.7299970448400501,
    "rmse": 2.415865802231419,
    "r2": 0.04862997340558228,
    "mape": 9.382786928721606,
    "skill_vs_persist": 0.3446940703544288
  },
  "median": {
    "mae": 1.7215367868970812,
    "rmse": 2.4222959061461333,
    "r2": 0.0435588728350359,
    "mape": 9.265215003422233,
    "skill_vs_persist": 0.3429498984638968
  },
  "stacked": {
    "mae": 1.757104959646223,
    "rmse": 2.4289605318652128,
    "r2": 0.03828859089351344,
    "mape": 9.591149886922649,
    "skill_vs_persist": 0.34114211230766767
  },
  "production": "lgb"
}