{
  "persistence": {
    "mae": 2.5499374637452625,
    "rmse": 3.6131950384181066,
    "r2": -1.105408759786934,
    "mape": 14.02272293901313,
    "skill_vs_persist": 2.7677860003905153e-13
  },
  "xgb": {
    "mae": 1.8003314967255366,
    "rmse": 2.4621283424988025,
    "r2": 0.022368941802148767,
    "mape": 9.840321774271334,
    "skill_vs_persist": 0.31857308661199046
  },
  "lgb": {
    "mae": 1.8113331538988289,
    "rmse": 2.544153424936451,
    "r2": -0.043855084255311816,
    "mape": 9.843829865528495,
    "skill_vs_persist": 0.29587154917338676
  },
  "median": {
    "mae": 1.8005858016139689,
    "rmse": 2.497527058586618,
    "r2": -0.005944497551476191,
    "mape": 9.813653938109535,
    "skill_vs_persist": 0.3087760189996913
  },
  "stacked": {
    "mae": 1.8273280304570636,
    "rmse": 2.4883636289724187,
    "r2": 0.0014235838647014276,
    "mape": 10.070992868444023,
    "skill_vs_persist": 0.31131212057095026
  },
  "production": "xgb"
}