{
  "persistence": {
    "mae": 1.4985303225806452,
    "rmse": 1.8346048779136384,
    "r2": -0.9980600747112587,
    "skill_vs_persist": 5.451195050909519e-13
  },
  "lgb": {
    "mae": 1.1235687567298027,
    "rmse": 1.2980126802411864,
    "r2": -0.0001872734551964239,
    "skill_vs_persist": 0.29248379535727964
  },
  "xgb": {
    "mae": 1.1234842233128701,
    "rmse": 1.2979808555325474,
    "r2": -0.00013822882129699288,
    "skill_vs_persist": 0.2925011422579785
  },
  "median": {
    "mae": 1.123494315977197,
    "rmse": 1.2979426553691948,
    "r2": -7.936064716118629e-05,
    "skill_vs_persist": 0.29252196426919874
  },
  "stacked": {
    "mae": 1.123590420998608,
    "rmse": 1.2979823756673,
    "r2": -0.0001405714533364577,
    "skill_vs_persist": 0.2925003136682529
  },
  "production": "median"
}