{
  "persistence": {
    "mae": 2.7075597035837613,
    "rmse": 3.66615708867448,
    "r2": -1.2044775314125507,
    "mape": 14.652620180317843,
    "skill_vs_persist": 2.7278179715040096e-13
  },
  "xgb": {
    "mae": 1.7965615903173096,
    "rmse": 2.4891985895230175,
    "r2": -0.016254846074011065,
    "mape": 9.783417032399367,
    "skill_vs_persist": 0.3210332974514405
  },
  "lgb": {
    "mae": 1.7216891050833933,
    "rmse": 2.458164385206328,
    "r2": 0.008927600816160508,
    "mape": 9.246551269479426,
    "skill_vs_persist": 0.32949834779326903
  },
  "median": {
    "mae": 1.754935372967954,
    "rmse": 2.4657654218524567,
    "r2": 0.0027890166235063907,
    "mape": 9.491877733879782,
    "skill_vs_persist": 0.32742504966057095
  },
  "stacked": {
    "mae": 1.7310424996745912,
    "rmse": 2.4446302008781235,
    "r2": 0.01981086877178828,
    "mape": 9.36721290474057,
    "skill_vs_persist": 0.3331900020243468
  },
  "production": "stacked"
}