{
  "persistence": {
    "mae": 2.7075597035837613,
    "rmse": 3.66615708867448,
    "r2": -1.2044775314125507,
    "mape": 14.652620180317843,
    "skill_vs_persist": 0.016104352694311097
  },
  "xgb": {
    "mae": 1.7604640247133643,
    "rmse": 2.4579695344161387,
    "r2": 0.009084712836515574,
    "mape": 9.579753283669909,
    "skill_vs_persist": 0.34034863547093375
  },
  "lgb": {
    "mae": 1.720704156827622,
    "rmse": 2.451788501607189,
    "r2": 0.01406213727268657,
    "mape": 9.25394293959389,
    "skill_vs_persist": 0.34200745453664316
  },
  "median": {
    "mae": 1.7227637538291183,
    "rmse": 2.4401667261819275,
    "r2": 0.023386915029368183,
    "mape": 9.316847954496984,
    "skill_vs_persist": 0.34512641915771824
  },
  "stacked": {
    "mae": 1.748904764815772,
    "rmse": 2.4559704161178035,
    "r2": 0.010695921826702537,
    "mape": 9.503859658721016,
    "skill_vs_persist": 0.3408851437941197
  },
  "production": "median"
}