machine_id,algo,lookback,horizon,mae,mape,smape,rmse,peak_rmse,n,window_minutes
M002,lstm,24,15,2.0865083776461772,10.079033028270878,10.730307239086406,2.673772136002045,5.652087051500054,6,42.0
