machine_id,algo,lookback,horizon,mae,mape,smape,rmse,peak_rmse,n,window_minutes
M003,lstm,24,15,1.3127484764656543,7.073881217751084,7.139883327688536,1.480711812033281,1.6964243500926024,6,18.0
