machine_id,algo,lookback,horizon,mae,mape,smape,rmse,peak_rmse,n,window_minutes
M001,lstm,24,1,1.4122033904445601,7.183011881102877,7.450600842449391,1.4122033904445601,1.4122033904445601,6,13.0
M001,lstm,24,3,2.0346291403565604,12.599559553190684,11.82558165485371,2.349283164318433,1.6599851439845992,6,13.0
M001,lstm,24,6,2.0067109459039334,11.310345702625392,11.093273671904601,2.4217697603362933,3.819623037930377,6,13.0
M001,lstm,24,12,2.0067109459039334,11.310345702625392,11.093273671904601,2.4217697603362933,3.819623037930377,6,13.0
M001,lstm,24,24,2.0067109459039334,11.310345702625392,11.093273671904601,2.4217697603362933,3.819623037930377,6,13.0
