machine_id,algo,lookback,horizon,mae,mape,smape,rmse,peak_rmse,n,window_minutes
M001,gru,24,5,2.307458345250578,13.12048819202161,12.76776705260011,2.6180790245160273,3.6580000368317442,6,13.0
M001,gru,24,15,2.0067109459039334,11.310345702625392,11.093273671904601,2.4217697603362933,3.819623037930377,6,13.0
M001,gru,24,30,2.0067109459039334,11.310345702625392,11.093273671904601,2.4217697603362933,3.819623037930377,6,13.0
