machine_id,algo,lookback,horizon,mae,mape,smape,rmse,peak_rmse,n,window_minutes
M004,lstm,24,15,2.3848806839399397,12.964393296924856,12.901213444733308,2.8975652181964477,5.471815310273705,6,16.0
