machine_id,algo,lookback,horizon,mae,mape,smape,rmse,peak_rmse,n,window_minutes
M001,lstm,12,15,2.0067109459039334,11.310345702625392,11.093273671904601,2.4217697603362933,3.819623037930377,6,13.0
