machine_id,algo,lookback,horizon,mae,mape,smape,rmse,peak_rmse,n,window_minutes
M001,lstm,12,1,1.4122033904445601,7.183011881102877,7.450600842449391,1.4122033904445601,1.4122033904445601,1,0.0
