{
  "machine_id": "M001",
  "kpis": {
    "total_kwh": 624.4324944230813,
    "peak_kw": 30.9023145119889,
    "rows": 2015,
    "columns": [
      "power_kw"
    ]
  },
  "train_rows": 1612,
  "test_rows": 403,
  "train_ratio": 0.8,
  "generated_at": "2025-10-08T13:29:50.162157"
}