{
    "lgb": {
        "mae": 1.1235682644670446,
        "rmse": 1.297593364008838,
        "r2": -3.868706391196852e-05,
        "skill_vs_persist": 0.2877267391446229
    },
    "xgb": {
        "mae": 1.1238449747156651,
        "rmse": 1.2978042233343885,
        "r2": -0.0003637266671401296,
        "skill_vs_persist": 0.2876109945180262
    },
    "median": {
        "mae": 1.12369470824843,
        "rmse": 1.2976769852127363,
        "r2": -0.00016758281167761346,
        "skill_vs_persist": 0.28768083790219257
    },
    "stacked": {
        "mae": 1.1237115519788445,
        "rmse": 1.2977153793876233,
        "r2": -0.00022676730459059158,
        "skill_vs_persist": 0.2876597626216748
    },
    "persistence": {
        "mae": 1.484516149068323,
        "rmse": 1.8217634092424457,
        "r2": -0.9711674511933772,
        "skill_vs_persist": 5.490052856771399e-13
    }
}